match_id,winning_team,blueTeam,redTeam,gameVersion
3034927976,red,"[{'champion': 'Lee Sin', 'role': 'JUNGLE'}, {'champion': 'Fiora', 'role': 'TOP'}, {'champion': 'Ezreal', 'role': 'DUO_CARRY'}, {'champion': 'Karthus', 'role': 'MIDDLE'}, {'champion': 'Thresh', 'role': 'DUO_SUPPORT'}]","[{'champion': 'Annie', 'role': 'MIDDLE'}, {'champion': 'Caitlyn', 'role': 'DUO_CARRY'}, {'champion': 'Darius', 'role': 'TOP'}, {'champion': 'Lux', 'role': 'DUO_SUPPORT'}, {'champion': 'Nocturne', 'role': 'JUNGLE'}]",9.9.272.4950
3034514367,blue,"[{'champion': 'Riven', 'role': 'JUNGLE'}, {'champion': 'Ryze', 'role': 'MIDDLE'}, {'champion': 'Nidalee', 'role': 'JUNGLE'}, {'champion': 'Jhin', 'role': 'DUO_CARRY'}, {'champion': 'Bard', 'role': 'DUO_SUPPORT'}]","[{'champion': 'Ezreal', 'role': 'DUO_CARRY'}, {'champion': 'Ashe', 'role': 'DUO_SUPPORT'}, {'champion': 'Annie', 'role': 'MIDDLE'}, {'champion': 'Xayah', 'role': 'TOP'}, {'champion': 'Rammus', 'role': 'JUNGLE'}]",9.9.272.4950
3034424993,blue,"[{'champion': 'Ezreal', 'role': 'DUO_CARRY'}, {'champion': 'Thresh', 'role': 'DUO_SUPPORT'}, {'champion': 'Annie', 'role': 'MIDDLE'}, {'champion': 'Vladimir', 'role': 'TOP'}, {'champion': 'Nocturne', 'role': 'JUNGLE'}]","[{'champion': 'Garen', 'role': 'TOP'}, {'champion': 'Shaco', 'role': 'JUNGLE'}, {'champion': 'Lux', 'role': 'DUO_SUPPORT'}, {'champion': 'Neeko', 'role': 'MIDDLE'}, {'champion': 'Miss Fortune', 'role': 'DUO_CARRY'}]",9.9.272.4950
3034965604,red,"[{'champion': 'Nami', 'role': 'DUO_SUPPORT'}, {'champion': 'Rengar', 'role': 'TOP'}, {'champion': 'Kayn', 'role': 'JUNGLE'}, {'champion': 'Lucian', 'role': 'DUO_CARRY'}, {'champion': 'Ryze', 'role': 'MIDDLE'}]","[{'champion': 'Master Yi', 'role': 'JUNGLE'}, {'champion': 'Kaisa', 'role': 'DUO_CARRY'}, {'champion': 'Cassiopeia', 'role': 'MIDDLE'}, {'champion': 'Soraka', 'role': 'DUO_SUPPORT'}, {'champion': 'Fiora', 'role': 'TOP'}]",9.9.272.4950
3034812916,blue,"[{'champion': 'Katarina', 'role': 'MIDDLE'}, {'champion': 'Elise', 'role': 'JUNGLE'}, {'champion': 'Anivia', 'role': 'DUO_SUPPORT'}, {'champion': 'Ezreal', 'role': 'DUO_CARRY'}, {'champion': 'Gnar', 'role': 'TOP'}]","[{'champion': 'Kaisa', 'role': 'DUO_CARRY'}, {'champion': ""Kha'Zix"", 'role': 'JUNGLE'}, {'champion': 'Zed', 'role': 'MIDDLE'}, {'champion': 'Fiora', 'role': 'TOP'}, {'champion': 'Nami', 'role': 'DUO_SUPPORT'}]",9.9.272.4950
3034920106,blue,"[{'champion': 'Zed', 'role': 'MIDDLE'}, {'champion': 'Thresh', 'role': 'DUO_SUPPORT'}, {'champion': 'Kaisa', 'role': 'DUO_CARRY'}, {'champion': 'Ekko', 'role': 'TOP'}, {'champion': 'Hecarim', 'role': 'JUNGLE'}]","[{'champion': 'Tahm Kench', 'role': 'DUO'}, {'champion': 'Nautilus', 'role': 'DUO'}, {'champion': 'Diana', 'role': 'MIDDLE'}, {'champion': 'Darius', 'role': 'TOP'}, {'champion': 'Udyr', 'role': 'JUNGLE'}]",9.9.272.4950
3033633901,red,"[{'champion': 'Varus', 'role': 'DUO_CARRY'}, {'champion': 'Blitzcrank', 'role': 'DUO_SUPPORT'}, {'champion': 'Vi', 'role': 'JUNGLE'}, {'champion': 'Azir', 'role': 'MIDDLE'}, {'champion': 'Nasus', 'role': 'TOP'}]","[{'champion': 'Sona', 'role': 'DUO_SUPPORT'}, {'champion': 'Corki', 'role': 'DUO_CARRY'}, {'champion': 'Teemo', 'role': 'TOP'}, {'champion': 'Ryze', 'role': 'MIDDLE'}, {'champion': 'Master Yi', 'role': 'JUNGLE'}]",9.9.272.4950
3033611752,blue,"[{'champion': 'Tahm Kench', 'role': 'NONE'}, {'champion': 'Rammus', 'role': 'NONE'}, {'champion': 'Malzahar', 'role': 'NONE'}, {'champion': 'Skarner', 'role': 'NONE'}, {'champion': 'Tristana', 'role': 'NONE'}]","[{'champion': 'Rengar', 'role': 'NONE'}, {'champion': 'Blitzcrank', 'role': 'NONE'}, {'champion': 'Lucian', 'role': 'NONE'}, {'champion': 'Draven', 'role': 'NONE'}, {'champion': 'Jayce', 'role': 'NONE'}]",9.9.272.4950
3034922259,blue,"[{'champion': 'Kayn', 'role': 'JUNGLE'}, {'champion': 'Yasuo', 'role': 'MIDDLE'}, {'champion': 'Darius', 'role': 'TOP'}, {'champion': 'Varus', 'role': 'DUO_CARRY'}, {'champion': 'Nautilus', 'role': 'DUO_SUPPORT'}]","[{'champion': 'Twitch', 'role': 'DUO_CARRY'}, {'champion': 'Anivia', 'role': 'MIDDLE'}, {'champion': 'Janna', 'role': 'DUO_SUPPORT'}, {'champion': 'Nidalee', 'role': 'JUNGLE'}, {'champion': 'Gangplank', 'role': 'TOP'}]",9.9.272.4950
3034914982,blue,"[{'champion': 'Amumu', 'role': 'NONE'}, {'champion': 'Talon', 'role': 'NONE'}, {'champion': 'Varus', 'role': 'NONE'}, {'champion': 'Jayce', 'role': 'NONE'}, {'champion': 'Zilean', 'role': 'NONE'}]","[{'champion': 'Rammus', 'role': 'NONE'}, {'champion': 'Nami', 'role': 'NONE'}, {'champion': 'Ezreal', 'role': 'NONE'}, {'champion': 'Blitzcrank', 'role': 'NONE'}, {'champion': 'Viktor', 'role': 'NONE'}]",9.9.272.4950
3033688454,blue,"[{'champion': 'Xayah', 'role': 'DUO_CARRY'}, {'champion': 'Nautilus', 'role': 'DUO_SUPPORT'}, {'champion': ""Cho'Gath"", 'role': 'TOP'}, {'champion': 'Zoe', 'role': 'MIDDLE'}, {'champion': 'Shyvana', 'role': 'JUNGLE'}]","[{'champion': 'Rumble', 'role': 'TOP'}, {'champion': 'Alistar', 'role': 'DUO_SUPPORT'}, {'champion': 'Jax', 'role': 'JUNGLE'}, {'champion': 'Vladimir', 'role': 'MIDDLE'}, {'champion': 'Kalista', 'role': 'DUO_CARRY'}]",9.9.272.4950
3033380658,red,"[{'champion': 'Ezreal', 'role': 'NONE'}, {'champion': 'Yorick', 'role': 'NONE'}, {'champion': 'Orianna', 'role': 'NONE'}, {'champion': 'Lee Sin', 'role': 'NONE'}, {'champion': 'Zyra', 'role': 'NONE'}]","[{'champion': 'Jax', 'role': 'NONE'}, {'champion': 'Teemo', 'role': 'NONE'}, {'champion': 'Pyke', 'role': 'NONE'}, {'champion': 'Miss Fortune', 'role': 'NONE'}, {'champion': 'Yasuo', 'role': 'NONE'}]",9.9.272.4950
3025535944,blue,"[{'champion': 'Udyr', 'role': 'JUNGLE'}, {'champion': 'Lux', 'role': 'MIDDLE'}, {'champion': 'Thresh', 'role': 'DUO_SUPPORT'}, {'champion': 'Riven', 'role': 'TOP'}, {'champion': 'Miss Fortune', 'role': 'DUO_CARRY'}]","[{'champion': 'Jhin', 'role': 'DUO_CARRY'}, {'champion': 'Gnar', 'role': 'JUNGLE'}, {'champion': 'Ahri', 'role': 'MIDDLE'}, {'champion': 'Lee Sin', 'role': 'JUNGLE'}, {'champion': 'Blitzcrank', 'role': 'DUO_SUPPORT'}]",9.8.270.9450
3025509202,blue,"[{'champion': 'Vladimir', 'role': 'NONE'}, {'champion': 'Nidalee', 'role': 'NONE'}, {'champion': 'Morgana', 'role': 'NONE'}, {'champion': 'Ashe', 'role': 'NONE'}, {'champion': 'Riven', 'role': 'NONE'}]","[{'champion': 'Olaf', 'role': 'NONE'}, {'champion': 'Jax', 'role': 'NONE'}, {'champion': 'Blitzcrank', 'role': 'NONE'}, {'champion': 'Jayce', 'role': 'NONE'}, {'champion': 'Lucian', 'role': 'NONE'}]",9.8.270.9450
3033960638,blue,"[{'champion': 'Ezreal', 'role': 'DUO_CARRY'}, {'champion': 'Rammus', 'role': 'JUNGLE'}, {'champion': 'Kayle', 'role': 'MIDDLE'}, {'champion': 'Karma', 'role': 'DUO_SUPPORT'}, {'champion': 'Singed', 'role': 'TOP'}]","[{'champion': 'Vladimir', 'role': 'TOP'}, {'champion': 'Heimerdinger', 'role': 'MIDDLE'}, {'champion': 'Brand', 'role': 'DUO_SUPPORT'}, {'champion': 'Kaisa', 'role': 'DUO_CARRY'}, {'champion': 'Jarvan IV', 'role': 'JUNGLE'}]",9.9.272.4950
3033686146,red,"[{'champion': 'Sylas', 'role': 'DUO_SUPPORT'}, {'champion': 'Jinx', 'role': 'DUO_CARRY'}, {'champion': 'Kayle', 'role': 'TOP'}, {'champion': 'Ziggs', 'role': 'MIDDLE'}, {'champion': 'Hecarim', 'role': 'JUNGLE'}]","[{'champion': 'Graves', 'role': 'JUNGLE'}, {'champion': 'Gnar', 'role': 'TOP'}, {'champion': 'Leona', 'role': 'DUO_SUPPORT'}, {'champion': 'Miss Fortune', 'role': 'DUO_CARRY'}, {'champion': 'Ekko', 'role': 'MIDDLE'}]",9.9.272.4950
3033058761,red,"[{'champion': 'Jinx', 'role': 'DUO_CARRY'}, {'champion': 'Warwick', 'role': 'JUNGLE'}, {'champion': 'Annie', 'role': 'MIDDLE'}, {'champion': 'Gnar', 'role': 'JUNGLE'}, {'champion': 'Galio', 'role': 'DUO_SUPPORT'}]","[{'champion': 'Hecarim', 'role': 'JUNGLE'}, {'champion': 'Ashe', 'role': 'DUO_CARRY'}, {'champion': 'Lulu', 'role': 'DUO_SUPPORT'}, {'champion': 'Illaoi', 'role': 'TOP'}, {'champion': 'Corki', 'role': 'MIDDLE'}]",9.9.272.4950
3032999789,blue,"[{'champion': 'Galio', 'role': 'MIDDLE'}, {'champion': 'Brand', 'role': 'DUO_SUPPORT'}, {'champion': 'Jax', 'role': 'TOP'}, {'champion': ""Rek'Sai"", 'role': 'JUNGLE'}, {'champion': 'Jinx', 'role': 'DUO_CARRY'}]","[{'champion': 'Lee Sin', 'role': 'JUNGLE'}, {'champion': 'Thresh', 'role': 'DUO_SUPPORT'}, {'champion': 'Ezreal', 'role': 'DUO_CARRY'}, {'champion': 'Garen', 'role': 'TOP'}, {'champion': 'Corki', 'role': 'MIDDLE'}]",9.9.272.4950
3025166708,red,"[{'champion': 'Lux', 'role': 'DUO_SUPPORT'}, {'champion': 'Vayne', 'role': 'DUO_CARRY'}, {'champion': 'Cassiopeia', 'role': 'MIDDLE'}, {'champion': 'Urgot', 'role': 'TOP'}, {'champion': ""Rek'Sai"", 'role': 'JUNGLE'}]","[{'champion': 'Jax', 'role': 'TOP'}, {'champion': 'Skarner', 'role': 'JUNGLE'}, {'champion': 'Varus', 'role': 'DUO_CARRY'}, {'champion': 'Irelia', 'role': 'MIDDLE'}, {'champion': 'Janna', 'role': 'DUO_SUPPORT'}]",9.8.270.9450
3024897290,red,"[{'champion': 'Annie', 'role': 'MIDDLE'}, {'champion': 'Nocturne', 'role': 'JUNGLE'}, {'champion': 'Gnar', 'role': 'TOP'}, {'champion': 'Pantheon', 'role': 'DUO_CARRY'}, {'champion': 'Zyra', 'role': 'DUO_SUPPORT'}]","[{'champion': 'Ryze', 'role': 'DUO_CARRY'}, {'champion': 'Irelia', 'role': 'TOP'}, {'champion': 'Ekko', 'role': 'MIDDLE'}, {'champion': 'Zed', 'role': 'JUNGLE'}, {'champion': 'Xin Zhao', 'role': 'DUO_SUPPORT'}]",9.8.270.9450
3024874745,red,"[{'champion': 'Vayne', 'role': 'DUO'}, {'champion': 'Blitzcrank', 'role': 'DUO'}, {'champion': 'Zac', 'role': 'JUNGLE'}, {'champion': 'Akali', 'role': 'TOP'}, {'champion': 'Gangplank', 'role': 'TOP'}]","[{'champion': ""Vel'Koz"", 'role': 'MIDDLE'}, {'champion': 'Amumu', 'role': 'JUNGLE'}, {'champion': 'Gnar', 'role': 'TOP'}, {'champion': 'Pantheon', 'role': 'DUO'}, {'champion': 'Zyra', 'role': 'DUO'}]",9.8.270.9450
3019716076,red,"[{'champion': ""Vel'Koz"", 'role': 'MIDDLE'}, {'champion': 'Fiora', 'role': 'TOP'}, {'champion': 'Sivir', 'role': 'MIDDLE'}, {'champion': 'Blitzcrank', 'role': 'SOLO'}, {'champion': 'Jarvan IV', 'role': 'JUNGLE'}]","[{'champion': 'Vayne', 'role': 'DUO_CARRY'}, {'champion': 'Ezreal', 'role': 'MIDDLE'}, {'champion': 'Udyr', 'role': 'JUNGLE'}, {'champion': 'Riven', 'role': 'TOP'}, {'champion': 'Morgana', 'role': 'DUO_SUPPORT'}]",9.7.269.2391
3032303549,red,"[{'champion': 'Riven', 'role': 'TOP'}, {'champion': 'Udyr', 'role': 'JUNGLE'}, {'champion': 'Caitlyn', 'role': 'DUO_CARRY'}, {'champion': 'Ekko', 'role': 'TOP'}, {'champion': 'Nautilus', 'role': 'DUO_SUPPORT'}]","[{'champion': 'Soraka', 'role': 'DUO_SUPPORT'}, {'champion': 'Vayne', 'role': 'DUO_CARRY'}, {'champion': 'Yorick', 'role': 'TOP'}, {'champion': 'Akali', 'role': 'MIDDLE'}, {'champion': 'Rammus', 'role': 'JUNGLE'}]",9.8.270.9450
3032258626,blue,"[{'champion': 'Vladimir', 'role': 'TOP'}, {'champion': 'Caitlyn', 'role': 'MIDDLE'}, {'champion': 'Thresh', 'role': 'MIDDLE'}, {'champion': 'Ekko', 'role': 'MIDDLE'}, {'champion': 'Skarner', 'role': 'JUNGLE'}]","[{'champion': 'Sona', 'role': 'DUO_SUPPORT'}, {'champion': 'Kennen', 'role': 'TOP'}, {'champion': 'Sivir', 'role': 'DUO_CARRY'}, {'champion': 'Master Yi', 'role': 'JUNGLE'}, {'champion': 'LeBlanc', 'role': 'MIDDLE'}]",9.8.270.9450
3033979165,blue,"[{'champion': 'Darius', 'role': 'TOP'}, {'champion': 'Sylas', 'role': 'MIDDLE'}, {'champion': 'Master Yi', 'role': 'JUNGLE'}, {'champion': 'Ashe', 'role': 'DUO_CARRY'}, {'champion': 'Nautilus', 'role': 'DUO_SUPPORT'}]","[{'champion': 'Shyvana', 'role': 'JUNGLE'}, {'champion': 'Thresh', 'role': 'DUO_SUPPORT'}, {'champion': 'Ezreal', 'role': 'DUO_CARRY'}, {'champion': 'Yorick', 'role': 'TOP'}, {'champion': 'Aurelion Sol', 'role': 'MIDDLE'}]",9.9.272.4950
3033515587,red,"[{'champion': 'Yorick', 'role': 'TOP'}, {'champion': 'Twitch', 'role': 'MIDDLE'}, {'champion': 'Ryze', 'role': 'MIDDLE'}, {'champion': ""Vel'Koz"", 'role': 'MIDDLE'}, {'champion': 'Twisted Fate', 'role': 'JUNGLE'}]","[{'champion': 'Vladimir', 'role': 'MIDDLE'}, {'champion': 'Darius', 'role': 'TOP'}, {'champion': 'Neeko', 'role': 'JUNGLE'}, {'champion': 'Braum', 'role': 'DUO_SUPPORT'}, {'champion': 'Draven', 'role': 'DUO_CARRY'}]",9.9.272.4950
3033497223,red,"[{'champion': 'Leona', 'role': 'DUO_SUPPORT'}, {'champion': 'Nunu', 'role': 'JUNGLE'}, {'champion': 'Vladimir', 'role': 'TOP'}, {'champion': 'Tristana', 'role': 'DUO_CARRY'}, {'champion': 'Irelia', 'role': 'MIDDLE'}]","[{'champion': 'Shaco', 'role': 'JUNGLE'}, {'champion': 'Fizz', 'role': 'MIDDLE'}, {'champion': 'Camille', 'role': 'TOP'}, {'champion': 'Nami', 'role': 'DUO_SUPPORT'}, {'champion': 'Vayne', 'role': 'DUO_CARRY'}]",9.9.272.4950
3033472087,red,"[{'champion': 'Quinn', 'role': 'TOP'}, {'champion': ""Cho'Gath"", 'role': 'DUO_SUPPORT'}, {'champion': 'Aatrox', 'role': 'MIDDLE'}, {'champion': 'Wukong', 'role': 'JUNGLE'}, {'champion': 'Kaisa', 'role': 'DUO_CARRY'}]","[{'champion': 'Nidalee', 'role': 'JUNGLE'}, {'champion': 'Lux', 'role': 'MIDDLE'}, {'champion': 'Yorick', 'role': 'TOP'}, {'champion': 'Tristana', 'role': 'DUO_CARRY'}, {'champion': 'Nami', 'role': 'DUO_SUPPORT'}]",9.9.272.4950
3033454913,red,"[{'champion': 'Master Yi', 'role': 'MIDDLE'}, {'champion': 'Taric', 'role': 'MIDDLE'}, {'champion': 'Twitch', 'role': 'DUO_CARRY'}, {'champion': 'Lux', 'role': 'DUO_SUPPORT'}, {'champion': 'Nasus', 'role': 'TOP'}]","[{'champion': 'Darius', 'role': 'TOP'}, {'champion': 'Tristana', 'role': 'DUO_CARRY'}, {'champion': 'Xin Zhao', 'role': 'JUNGLE'}, {'champion': 'Morgana', 'role': 'MIDDLE'}, {'champion': 'Nami', 'role': 'DUO_SUPPORT'}]",9.9.272.4950
3034001970,blue,"[{'champion': 'Sylas', 'role': 'DUO_SUPPORT'}, {'champion': 'Lux', 'role': 'MIDDLE'}, {'champion': 'Jax', 'role': 'JUNGLE'}, {'champion': 'Dr. Mundo', 'role': 'TOP'}, {'champion': 'Sivir', 'role': 'DUO_CARRY'}]","[{'champion': 'Nautilus', 'role': 'DUO_SUPPORT'}, {'champion': 'Karma', 'role': 'TOP'}, {'champion': 'Syndra', 'role': 'MIDDLE'}, {'champion': 'Jinx', 'role': 'DUO_CARRY'}, {'champion': 'Amumu', 'role': 'JUNGLE'}]",9.9.272.4950
3033978142,red,"[{'champion': 'Tristana', 'role': 'DUO_CARRY'}, {'champion': 'Vi', 'role': 'JUNGLE'}, {'champion': 'Lulu', 'role': 'DUO_SUPPORT'}, {'champion': 'Garen', 'role': 'TOP'}, {'champion': 'Morgana', 'role': 'MIDDLE'}]","[{'champion': 'Ashe', 'role': 'DUO_CARRY'}, {'champion': 'Nautilus', 'role': 'DUO_SUPPORT'}, {'champion': 'Orianna', 'role': 'MIDDLE'}, {'champion': 'Riven', 'role': 'TOP'}, {'champion': 'Xin Zhao', 'role': 'JUNGLE'}]",9.9.272.4950
3033974289,blue,"[{'champion': 'Leona', 'role': 'DUO_SUPPORT'}, {'champion': 'Varus', 'role': 'DUO_CARRY'}, {'champion': 'Amumu', 'role': 'JUNGLE'}, {'champion': 'Lissandra', 'role': 'MIDDLE'}, {'champion': 'Darius', 'role': 'TOP'}]","[{'champion': 'Sona', 'role': 'SOLO'}, {'champion': 'Miss Fortune', 'role': 'MIDDLE'}, {'champion': 'Irelia', 'role': 'TOP'}, {'champion': 'Talon', 'role': 'MIDDLE'}, {'champion': 'Elise', 'role': 'JUNGLE'}]",9.9.272.4950
3033950878,red,"[{'champion': 'Varus', 'role': 'DUO_CARRY'}, {'champion': 'Lissandra', 'role': 'MIDDLE'}, {'champion': 'Wukong', 'role': 'TOP'}, {'champion': 'Evelynn', 'role': 'JUNGLE'}, {'champion': 'Lulu', 'role': 'DUO_SUPPORT'}]","[{'champion': 'Karma', 'role': 'MIDDLE'}, {'champion': 'Draven', 'role': 'DUO_CARRY'}, {'champion': 'Kennen', 'role': 'TOP'}, {'champion': 'Jarvan IV', 'role': 'JUNGLE'}, {'champion': 'Tahm Kench', 'role': 'DUO_SUPPORT'}]",9.9.272.4950
3033927146,red,"[{'champion': 'Lux', 'role': 'DUO_SUPPORT'}, {'champion': 'Jhin', 'role': 'DUO_CARRY'}, {'champion': 'Yasuo', 'role': 'MIDDLE'}, {'champion': 'Olaf', 'role': 'TOP'}, {'champion': 'Twitch', 'role': 'JUNGLE'}]","[{'champion': 'Ryze', 'role': 'MIDDLE'}, {'champion': 'Karthus', 'role': 'JUNGLE'}, {'champion': 'Teemo', 'role': 'TOP'}, {'champion': 'Lulu', 'role': 'DUO_SUPPORT'}, {'champion': 'Tristana', 'role': 'DUO_CARRY'}]",9.9.272.4950
3034995481,blue,"[{'champion': 'Vladimir', 'role': 'TOP'}, {'champion': 'Gragas', 'role': 'MIDDLE'}, {'champion': 'Miss Fortune', 'role': 'DUO_CARRY'}, {'champion': 'Malphite', 'role': 'DUO_SUPPORT'}, {'champion': 'Graves', 'role': 'JUNGLE'}]","[{'champion': 'Ezreal', 'role': 'DUO_CARRY'}, {'champion': 'Dr. Mundo', 'role': 'TOP'}, {'champion': 'Warwick', 'role': 'JUNGLE'}, {'champion': 'Ziggs', 'role': 'MIDDLE'}, {'champion': 'Xerath', 'role': 'DUO_SUPPORT'}]",9.9.272.4950
3034978161,red,"[{'champion': 'Alistar', 'role': 'DUO_SUPPORT'}, {'champion': 'Jhin', 'role': 'DUO_CARRY'}, {'champion': 'Vladimir', 'role': 'TOP'}, {'champion': ""Kha'Zix"", 'role': 'JUNGLE'}, {'champion': 'Ziggs', 'role': 'MIDDLE'}]","[{'champion': 'Illaoi', 'role': 'TOP'}, {'champion': 'Zyra', 'role': 'DUO_SUPPORT'}, {'champion': 'Morgana', 'role': 'MIDDLE'}, {'champion': 'Kayn', 'role': 'JUNGLE'}, {'champion': 'Ashe', 'role': 'DUO_CARRY'}]",9.9.272.4950
3034960804,blue,"[{'champion': ""Kha'Zix"", 'role': 'JUNGLE'}, {'champion': 'LeBlanc', 'role': 'MIDDLE'}, {'champion': 'Aatrox', 'role': 'TOP'}, {'champion': 'Nautilus', 'role': 'DUO_SUPPORT'}, {'champion': 'Lucian', 'role': 'DUO_CARRY'}]","[{'champion': 'Zyra', 'role': 'DUO_SUPPORT'}, {'champion': 'Jhin', 'role': 'DUO_CARRY'}, {'champion': 'Lee Sin', 'role': 'JUNGLE'}, {'champion': 'Gangplank', 'role': 'TOP'}, {'champion': 'Akali', 'role': 'MIDDLE'}]",9.9.272.4950
3034925037,blue,"[{'champion': 'Karthus', 'role': 'JUNGLE'}, {'champion': 'LeBlanc', 'role': 'MIDDLE'}, {'champion': 'Jhin', 'role': 'DUO_CARRY'}, {'champion': 'Gnar', 'role': 'TOP'}, {'champion': 'Zyra', 'role': 'DUO_SUPPORT'}]","[{'champion': 'Yasuo', 'role': 'MIDDLE'}, {'champion': ""Kha'Zix"", 'role': 'JUNGLE'}, {'champion': 'Akali', 'role': 'TOP'}, {'champion': 'Ashe', 'role': 'DUO_CARRY'}, {'champion': 'Janna', 'role': 'DUO_SUPPORT'}]",9.9.272.4950
3034322054,blue,"[{'champion': 'Rakan', 'role': 'DUO_SUPPORT'}, {'champion': 'Kaisa', 'role': 'DUO_CARRY'}, {'champion': 'Ekko', 'role': 'MIDDLE'}, {'champion': 'Skarner', 'role': 'JUNGLE'}, {'champion': 'Illaoi', 'role': 'JUNGLE'}]","[{'champion': 'Jax', 'role': 'TOP'}, {'champion': 'Lux', 'role': 'MIDDLE'}, {'champion': 'Aatrox', 'role': 'JUNGLE'}, {'champion': 'Malphite', 'role': 'DUO_SUPPORT'}, {'champion': 'Jhin', 'role': 'DUO_CARRY'}]",9.9.272.4950
3034695028,red,"[{'champion': 'Vi', 'role': 'JUNGLE'}, {'champion': 'Sona', 'role': 'DUO_SUPPORT'}, {'champion': 'Zed', 'role': 'MIDDLE'}, {'champion': 'Mordekaiser', 'role': 'TOP'}, {'champion': 'Tristana', 'role': 'DUO_CARRY'}]","[{'champion': 'Xin Zhao', 'role': 'JUNGLE'}, {'champion': 'Rumble', 'role': 'TOP'}, {'champion': 'Leona', 'role': 'DUO_SUPPORT'}, {'champion': 'Miss Fortune', 'role': 'DUO_CARRY'}, {'champion': 'Xerath', 'role': 'MIDDLE'}]",9.9.272.4950
3034690254,red,"[{'champion': 'Vayne', 'role': 'NONE'}, {'champion': 'Nasus', 'role': 'NONE'}, {'champion': 'Corki', 'role': 'NONE'}, {'champion': 'Ivern', 'role': 'NONE'}, {'champion': 'Soraka', 'role': 'NONE'}]","[{'champion': 'Kaisa', 'role': 'NONE'}, {'champion': 'Amumu', 'role': 'NONE'}, {'champion': 'Sylas', 'role': 'NONE'}, {'champion': 'Sion', 'role': 'NONE'}, {'champion': 'Zyra', 'role': 'NONE'}]",9.9.272.4950
3034417964,red,"[{'champion': 'Gragas', 'role': 'JUNGLE'}, {'champion': 'Katarina', 'role': 'MIDDLE'}, {'champion': 'Illaoi', 'role': 'MIDDLE'}, {'champion': 'Mordekaiser', 'role': 'DUO_CARRY'}, {'champion': 'Xerath', 'role': 'DUO_SUPPORT'}]","[{'champion': 'Kaisa', 'role': 'DUO_CARRY'}, {'champion': 'Twitch', 'role': 'JUNGLE'}, {'champion': 'Lulu', 'role': 'TOP'}, {'champion': 'Zed', 'role': 'MIDDLE'}, {'champion': ""Vel'Koz"", 'role': 'DUO_SUPPORT'}]",9.9.272.4950
3034365429,blue,"[{'champion': 'Bard', 'role': 'MIDDLE'}, {'champion': 'Orianna', 'role': 'MIDDLE'}, {'champion': 'Jarvan IV', 'role': 'JUNGLE'}, {'champion': 'Miss Fortune', 'role': 'TOP'}, {'champion': 'Yasuo', 'role': 'TOP'}]","[{'champion': 'Brand', 'role': 'DUO_SUPPORT'}, {'champion': 'Ezreal', 'role': 'DUO_CARRY'}, {'champion': 'Skarner', 'role': 'JUNGLE'}, {'champion': 'Wukong', 'role': 'TOP'}, {'champion': 'Vladimir', 'role': 'MIDDLE'}]",9.9.272.4950
3034307024,blue,"[{'champion': 'Veigar', 'role': 'MIDDLE'}, {'champion': 'Blitzcrank', 'role': 'DUO_SUPPORT'}, {'champion': 'Jinx', 'role': 'DUO_CARRY'}, {'champion': 'Camille', 'role': 'TOP'}, {'champion': 'Kayn', 'role': 'JUNGLE'}]","[{'champion': 'Darius', 'role': 'TOP'}, {'champion': 'Karthus', 'role': 'MIDDLE'}, {'champion': 'Volibear', 'role': 'JUNGLE'}, {'champion': 'Ezreal', 'role': 'DUO_CARRY'}, {'champion': 'Zilean', 'role': 'DUO_SUPPORT'}]",9.9.272.4950
3033783597,blue,"[{'champion': 'Brand', 'role': 'DUO_SUPPORT'}, {'champion': 'Pantheon', 'role': 'JUNGLE'}, {'champion': 'Caitlyn', 'role': 'DUO_CARRY'}, {'champion': 'Jax', 'role': 'TOP'}, {'champion': 'Orianna', 'role': 'MIDDLE'}]","[{'champion': 'Ashe', 'role': 'DUO_CARRY'}, {'champion': 'Karma', 'role': 'DUO_SUPPORT'}, {'champion': 'Ahri', 'role': 'MIDDLE'}, {'champion': 'Vladimir', 'role': 'TOP'}, {'champion': 'Shaco', 'role': 'JUNGLE'}]",9.9.272.4950
3033757318,red,"[{'champion': 'Twitch', 'role': 'SOLO'}, {'champion': 'Volibear', 'role': 'TOP'}, {'champion': 'Lee Sin', 'role': 'JUNGLE'}, {'champion': 'Ahri', 'role': 'MIDDLE'}, {'champion': 'Aatrox', 'role': 'MIDDLE'}]","[{'champion': 'Jarvan IV', 'role': 'JUNGLE'}, {'champion': 'Akali', 'role': 'TOP'}, {'champion': 'Nautilus', 'role': 'DUO_SUPPORT'}, {'champion': 'Caitlyn', 'role': 'DUO_CARRY'}, {'champion': 'Lissandra', 'role': 'TOP'}]",9.9.272.4950
3033719686,red,"[{'champion': ""Kha'Zix"", 'role': 'JUNGLE'}, {'champion': 'Morgana', 'role': 'DUO_SUPPORT'}, {'champion': 'LeBlanc', 'role': 'MIDDLE'}, {'champion': 'Lucian', 'role': 'DUO_CARRY'}, {'champion': 'Urgot', 'role': 'JUNGLE'}]","[{'champion': 'Tryndamere', 'role': 'TOP'}, {'champion': 'Pyke', 'role': 'JUNGLE'}, {'champion': 'Vayne', 'role': 'SOLO'}, {'champion': 'Ahri', 'role': 'MIDDLE'}, {'champion': 'Elise', 'role': 'JUNGLE'}]",9.9.272.4950
3033689631,blue,"[{'champion': 'Lux', 'role': 'MIDDLE'}, {'champion': 'Jax', 'role': 'TOP'}, {'champion': 'Nidalee', 'role': 'JUNGLE'}, {'champion': 'Caitlyn', 'role': 'MIDDLE'}, {'champion': 'Thresh', 'role': 'SOLO'}]","[{'champion': 'Brand', 'role': 'SOLO'}, {'champion': 'Fiora', 'role': 'TOP'}, {'champion': 'Vayne', 'role': 'JUNGLE'}, {'champion': 'Lee Sin', 'role': 'JUNGLE'}, {'champion': 'Ahri', 'role': 'MIDDLE'}]",9.9.272.4950
3033678582,red,"[{'champion': 'Zed', 'role': 'MIDDLE'}, {'champion': 'Morgana', 'role': 'DUO_SUPPORT'}, {'champion': 'Lee Sin', 'role': 'JUNGLE'}, {'champion': 'Shen', 'role': 'TOP'}, {'champion': 'Jinx', 'role': 'DUO_CARRY'}]","[{'champion': 'Volibear', 'role': 'JUNGLE'}, {'champion': 'Fiora', 'role': 'TOP'}, {'champion': 'Sona', 'role': 'DUO'}, {'champion': 'Taric', 'role': 'DUO'}, {'champion': 'Zyra', 'role': 'MIDDLE'}]",9.9.272.4950
3034979905,blue,"[{'champion': 'Jax', 'role': 'JUNGLE'}, {'champion': 'Caitlyn', 'role': 'SOLO'}, {'champion': 'Azir', 'role': 'MIDDLE'}, {'champion': 'Darius', 'role': 'JUNGLE'}, {'champion': 'Lux', 'role': 'MIDDLE'}]","[{'champion': 'Lee Sin', 'role': 'JUNGLE'}, {'champion': 'Ezreal', 'role': 'DUO_CARRY'}, {'champion': 'Fizz', 'role': 'MIDDLE'}, {'champion': 'Riven', 'role': 'TOP'}, {'champion': 'Soraka', 'role': 'DUO_SUPPORT'}]",9.9.272.4950
3034900399,red,"[{'champion': 'Janna', 'role': 'DUO_SUPPORT'}, {'champion': 'Zac', 'role': 'JUNGLE'}, {'champion': 'Kaisa', 'role': 'DUO_CARRY'}, {'champion': 'Gangplank', 'role': 'MIDDLE'}, {'champion': 'Zed', 'role': 'TOP'}]","[{'champion': 'Pantheon', 'role': 'TOP'}, {'champion': 'Master Yi', 'role': 'JUNGLE'}, {'champion': 'Sivir', 'role': 'DUO_CARRY'}, {'champion': 'Braum', 'role': 'DUO_SUPPORT'}, {'champion': 'Lux', 'role': 'MIDDLE'}]",9.9.272.4950
3034147043,blue,"[{'champion': 'Udyr', 'role': 'JUNGLE'}, {'champion': 'Soraka', 'role': 'MIDDLE'}, {'champion': 'Akali', 'role': 'TOP'}, {'champion': 'Jinx', 'role': 'MIDDLE'}, {'champion': 'Corki', 'role': 'MIDDLE'}]","[{'champion': 'Gnar', 'role': 'TOP'}, {'champion': 'Braum', 'role': 'DUO_SUPPORT'}, {'champion': 'Kaisa', 'role': 'DUO_CARRY'}, {'champion': 'Gangplank', 'role': 'MIDDLE'}, {'champion': 'Ekko', 'role': 'JUNGLE'}]",9.9.272.4950
3032199398,red,"[{'champion': 'Varus', 'role': 'DUO_CARRY'}, {'champion': 'Fizz', 'role': 'MIDDLE'}, {'champion': 'Shyvana', 'role': 'JUNGLE'}, {'champion': 'Fiddlesticks', 'role': 'DUO_SUPPORT'}, {'champion': 'Sion', 'role': 'TOP'}]","[{'champion': 'Lux', 'role': 'MIDDLE'}, {'champion': 'Ezreal', 'role': 'DUO_CARRY'}, {'champion': 'Darius', 'role': 'TOP'}, {'champion': 'Morgana', 'role': 'DUO_SUPPORT'}, {'champion': 'Udyr', 'role': 'JUNGLE'}]",9.8.270.9450
3032235530,blue,"[{'champion': 'Ekko', 'role': 'MIDDLE'}, {'champion': 'Darius', 'role': 'TOP'}, {'champion': 'Sivir', 'role': 'DUO_CARRY'}, {'champion': 'Lux', 'role': 'DUO_SUPPORT'}, {'champion': 'Kayn', 'role': 'JUNGLE'}]","[{'champion': 'Kennen', 'role': 'TOP'}, {'champion': 'Orianna', 'role': 'MIDDLE'}, {'champion': 'Rammus', 'role': 'JUNGLE'}, {'champion': 'Varus', 'role': 'DUO_CARRY'}, {'champion': 'Sona', 'role': 'DUO_SUPPORT'}]",9.8.270.9450
3032064037,red,"[{'champion': 'Irelia', 'role': 'MIDDLE'}, {'champion': 'Udyr', 'role': 'JUNGLE'}, {'champion': 'Hecarim', 'role': 'TOP'}, {'champion': 'Taric', 'role': 'DUO_SUPPORT'}, {'champion': 'Tristana', 'role': 'DUO_CARRY'}]","[{'champion': 'Brand', 'role': 'DUO_SUPPORT'}, {'champion': 'Rumble', 'role': 'TOP'}, {'champion': 'Veigar', 'role': 'MIDDLE'}, {'champion': 'Evelynn', 'role': 'JUNGLE'}, {'champion': 'Twitch', 'role': 'DUO_CARRY'}]",9.8.270.9450
3031540460,red,"[{'champion': 'Teemo', 'role': 'TOP'}, {'champion': 'Vayne', 'role': 'DUO_CARRY'}, {'champion': 'Master Yi', 'role': 'JUNGLE'}, {'champion': 'Morgana', 'role': 'MIDDLE'}, {'champion': 'Bard', 'role': 'DUO_SUPPORT'}]","[{'champion': 'Thresh', 'role': 'DUO_SUPPORT'}, {'champion': 'Lucian', 'role': 'DUO_CARRY'}, {'champion': 'Swain', 'role': 'MIDDLE'}, {'champion': 'Urgot', 'role': 'TOP'}, {'champion': 'Udyr', 'role': 'JUNGLE'}]",9.8.270.9450
3031307725,red,"[{'champion': 'Yasuo', 'role': 'MIDDLE'}, {'champion': 'Udyr', 'role': 'JUNGLE'}, {'champion': 'Shaco', 'role': 'DUO_SUPPORT'}, {'champion': 'Kalista', 'role': 'DUO_CARRY'}, {'champion': 'Irelia', 'role': 'TOP'}]","[{'champion': 'Nautilus', 'role': 'DUO_SUPPORT'}, {'champion': 'Ahri', 'role': 'MIDDLE'}, {'champion': 'Kaisa', 'role': 'DUO_CARRY'}, {'champion': 'Rammus', 'role': 'JUNGLE'}, {'champion': 'Garen', 'role': 'TOP'}]",9.8.270.9450
3034189642,blue,"[{'champion': 'Blitzcrank', 'role': 'MIDDLE'}, {'champion': 'Xin Zhao', 'role': 'JUNGLE'}, {'champion': 'Jinx', 'role': 'MIDDLE'}, {'champion': 'Akali', 'role': 'MIDDLE'}, {'champion': 'Garen', 'role': 'JUNGLE'}]","[{'champion': 'Sylas', 'role': 'MIDDLE'}, {'champion': 'Taric', 'role': 'DUO_SUPPORT'}, {'champion': 'Jhin', 'role': 'DUO_CARRY'}, {'champion': 'Dr. Mundo', 'role': 'TOP'}, {'champion': 'Nidalee', 'role': 'JUNGLE'}]",9.9.272.4950
3034162087,blue,"[{'champion': 'Lux', 'role': 'DUO_SUPPORT'}, {'champion': 'Akali', 'role': 'MIDDLE'}, {'champion': 'Kayn', 'role': 'JUNGLE'}, {'champion': 'Amumu', 'role': 'JUNGLE'}, {'champion': 'Tristana', 'role': 'DUO_CARRY'}]","[{'champion': 'Viktor', 'role': 'MIDDLE'}, {'champion': 'Aatrox', 'role': 'TOP'}, {'champion': 'Blitzcrank', 'role': 'DUO_SUPPORT'}, {'champion': 'Jhin', 'role': 'DUO_CARRY'}, {'champion': 'Jarvan IV', 'role': 'JUNGLE'}]",9.9.272.4950
3034142905,blue,"[{'champion': 'Tryndamere', 'role': 'TOP'}, {'champion': 'Kassadin', 'role': 'MIDDLE'}, {'champion': 'Evelynn', 'role': 'JUNGLE'}, {'champion': 'Blitzcrank', 'role': 'DUO_SUPPORT'}, {'champion': 'Kaisa', 'role': 'DUO_CARRY'}]","[{'champion': 'Tristana', 'role': 'DUO_CARRY'}, {'champion': 'Lux', 'role': 'DUO_SUPPORT'}, {'champion': 'Nunu', 'role': 'JUNGLE'}, {'champion': 'Varus', 'role': 'MIDDLE'}, {'champion': 'Kennen', 'role': 'TOP'}]",9.9.272.4950
3034127633,red,"[{'champion': 'Jax', 'role': 'JUNGLE'}, {'champion': 'Cassiopeia', 'role': 'TOP'}, {'champion': 'Kaisa', 'role': 'DUO_CARRY'}, {'champion': 'Vladimir', 'role': 'TOP'}, {'champion': 'Sion', 'role': 'DUO_SUPPORT'}]","[{'champion': 'Riven', 'role': 'TOP'}, {'champion': 'Lee Sin', 'role': 'JUNGLE'}, {'champion': 'Brand', 'role': 'DUO_SUPPORT'}, {'champion': 'Zed', 'role': 'MIDDLE'}, {'champion': 'Jinx', 'role': 'DUO_CARRY'}]",9.9.272.4950
3034120862,blue,"[{'champion': 'Jarvan IV', 'role': 'JUNGLE'}, {'champion': 'Annie', 'role': 'MIDDLE'}, {'champion': 'Lucian', 'role': 'DUO_CARRY'}, {'champion': 'Wukong', 'role': 'MIDDLE'}, {'champion': 'Blitzcrank', 'role': 'DUO_SUPPORT'}]","[{'champion': 'Diana', 'role': 'TOP'}, {'champion': 'Zoe', 'role': 'MIDDLE'}, {'champion': 'Draven', 'role': 'DUO_CARRY'}, {'champion': 'Zilean', 'role': 'DUO_SUPPORT'}, {'champion': 'Vi', 'role': 'JUNGLE'}]",9.9.272.4950
3034912823,red,"[{'champion': 'Alistar', 'role': 'DUO_SUPPORT'}, {'champion': 'Jinx', 'role': 'DUO_CARRY'}, {'champion': 'Udyr', 'role': 'JUNGLE'}, {'champion': 'Akali', 'role': 'MIDDLE'}, {'champion': 'Ryze', 'role': 'TOP'}]","[{'champion': 'Ashe', 'role': 'DUO_CARRY'}, {'champion': 'Lissandra', 'role': 'MIDDLE'}, {'champion': 'Pyke', 'role': 'DUO_SUPPORT'}, {'champion': 'Tahm Kench', 'role': 'TOP'}, {'champion': 'Amumu', 'role': 'JUNGLE'}]",9.9.272.4950
3034879072,blue,"[{'champion': 'Xin Zhao', 'role': 'JUNGLE'}, {'champion': 'Ezreal', 'role': 'JUNGLE'}, {'champion': 'Taric', 'role': 'SOLO'}, {'champion': 'Jax', 'role': 'TOP'}, {'champion': 'Lissandra', 'role': 'MIDDLE'}]","[{'champion': 'Vladimir', 'role': 'MIDDLE'}, {'champion': 'Yorick', 'role': 'TOP'}, {'champion': 'Kindred', 'role': 'JUNGLE'}, {'champion': 'Sona', 'role': 'DUO_SUPPORT'}, {'champion': 'Jhin', 'role': 'DUO_CARRY'}]",9.9.272.4950
3034414361,red,"[{'champion': 'Kaisa', 'role': 'DUO_CARRY'}, {'champion': 'Kayn', 'role': 'JUNGLE'}, {'champion': 'Veigar', 'role': 'MIDDLE'}, {'champion': 'Garen', 'role': 'TOP'}, {'champion': 'Taric', 'role': 'DUO_SUPPORT'}]","[{'champion': 'Nami', 'role': 'DUO_SUPPORT'}, {'champion': 'Sion', 'role': 'TOP'}, {'champion': 'Kindred', 'role': 'JUNGLE'}, {'champion': 'Annie', 'role': 'MIDDLE'}, {'champion': 'Draven', 'role': 'DUO_CARRY'}]",9.9.272.4950
3034214263,blue,"[{'champion': 'Irelia', 'role': 'TOP'}, {'champion': 'Vladimir', 'role': 'MIDDLE'}, {'champion': 'Rakan', 'role': 'DUO_SUPPORT'}, {'champion': 'Xayah', 'role': 'DUO_CARRY'}, {'champion': 'Rammus', 'role': 'JUNGLE'}]","[{'champion': 'Aatrox', 'role': 'TOP'}, {'champion': 'Hecarim', 'role': 'JUNGLE'}, {'champion': 'Cassiopeia', 'role': 'MIDDLE'}, {'champion': 'Draven', 'role': 'DUO_CARRY'}, {'champion': 'Thresh', 'role': 'DUO_SUPPORT'}]",9.9.272.4950
3034166461,red,"[{'champion': 'Twitch', 'role': 'DUO_CARRY'}, {'champion': 'Thresh', 'role': 'DUO_SUPPORT'}, {'champion': 'Diana', 'role': 'MIDDLE'}, {'champion': 'Maokai', 'role': 'JUNGLE'}, {'champion': 'Riven', 'role': 'TOP'}]","[{'champion': 'LeBlanc', 'role': 'MIDDLE'}, {'champion': 'Jarvan IV', 'role': 'TOP'}, {'champion': 'Sona', 'role': 'JUNGLE'}, {'champion': 'Dr. Mundo', 'role': 'TOP'}, {'champion': 'Jinx', 'role': 'SOLO'}]",9.9.272.4950
3034937328,blue,"[{'champion': 'Irelia', 'role': 'MIDDLE'}, {'champion': 'Darius', 'role': 'TOP'}, {'champion': 'Teemo', 'role': 'JUNGLE'}, {'champion': 'Vayne', 'role': 'DUO_CARRY'}, {'champion': 'Morgana', 'role': 'DUO_SUPPORT'}]","[{'champion': 'Ezreal', 'role': 'TOP'}, {'champion': 'Jax', 'role': 'JUNGLE'}, {'champion': 'Fiddlesticks', 'role': 'TOP'}, {'champion': 'Hecarim', 'role': 'JUNGLE'}, {'champion': 'Zoe', 'role': 'MIDDLE'}]",9.9.272.4950
3034356013,blue,"[{'champion': 'Nami', 'role': 'DUO_SUPPORT'}, {'champion': 'Kaisa', 'role': 'DUO_CARRY'}, {'champion': 'Darius', 'role': 'TOP'}, {'champion': 'Jax', 'role': 'JUNGLE'}, {'champion': 'Kassadin', 'role': 'MIDDLE'}]","[{'champion': 'Yasuo', 'role': 'MIDDLE'}, {'champion': ""Rek'Sai"", 'role': 'JUNGLE'}, {'champion': 'Jinx', 'role': 'DUO_CARRY'}, {'champion': 'Vayne', 'role': 'TOP'}, {'champion': 'Fiddlesticks', 'role': 'DUO_SUPPORT'}]",9.9.272.4950
3034316512,blue,"[{'champion': 'Fiddlesticks', 'role': 'DUO_SUPPORT'}, {'champion': 'Darius', 'role': 'TOP'}, {'champion': 'Kaisa', 'role': 'DUO_CARRY'}, {'champion': 'Ahri', 'role': 'MIDDLE'}, {'champion': 'Twitch', 'role': 'JUNGLE'}]","[{'champion': 'Zoe', 'role': 'MIDDLE'}, {'champion': 'Illaoi', 'role': 'TOP'}, {'champion': 'Zilean', 'role': 'DUO_SUPPORT'}, {'champion': 'Udyr', 'role': 'JUNGLE'}, {'champion': 'Vayne', 'role': 'DUO_CARRY'}]",9.9.272.4950
3034293392,red,"[{'champion': 'Nocturne', 'role': 'JUNGLE'}, {'champion': 'Lulu', 'role': 'DUO_SUPPORT'}, {'champion': 'Vayne', 'role': 'DUO_CARRY'}, {'champion': 'Akali', 'role': 'TOP'}, {'champion': 'Zed', 'role': 'MIDDLE'}]","[{'champion': 'Miss Fortune', 'role': 'DUO_CARRY'}, {'champion': 'LeBlanc', 'role': 'MIDDLE'}, {'champion': 'Neeko', 'role': 'JUNGLE'}, {'champion': 'Renekton', 'role': 'TOP'}, {'champion': 'Fiddlesticks', 'role': 'DUO_SUPPORT'}]",9.9.272.4950
3034237132,blue,"[{'champion': 'Wukong', 'role': 'DUO_SUPPORT'}, {'champion': 'Master Yi', 'role': 'JUNGLE'}, {'champion': 'LeBlanc', 'role': 'MIDDLE'}, {'champion': 'Nasus', 'role': 'TOP'}, {'champion': 'Jinx', 'role': 'DUO_CARRY'}]","[{'champion': 'Lux', 'role': 'DUO_SUPPORT'}, {'champion': 'Yasuo', 'role': 'MIDDLE'}, {'champion': 'Trundle', 'role': 'JUNGLE'}, {'champion': 'Ezreal', 'role': 'DUO_CARRY'}, {'champion': ""Cho'Gath"", 'role': 'TOP'}]",9.9.272.4950
3034020262,red,"[{'champion': 'Ezreal', 'role': 'DUO_CARRY'}, {'champion': 'Ekko', 'role': 'MIDDLE'}, {'champion': 'Ryze', 'role': 'TOP'}, {'champion': 'Shaco', 'role': 'JUNGLE'}, {'champion': 'Soraka', 'role': 'DUO_SUPPORT'}]","[{'champion': 'Orianna', 'role': 'MIDDLE'}, {'champion': 'Hecarim', 'role': 'JUNGLE'}, {'champion': 'Caitlyn', 'role': 'DUO_CARRY'}, {'champion': 'Malphite', 'role': 'TOP'}, {'champion': 'Thresh', 'role': 'DUO_SUPPORT'}]",9.9.272.4950
3033485025,blue,"[{'champion': 'Riven', 'role': 'MIDDLE'}, {'champion': 'Lucian', 'role': 'DUO_CARRY'}, {'champion': 'Warwick', 'role': 'JUNGLE'}, {'champion': 'Sylas', 'role': 'DUO_SUPPORT'}, {'champion': 'Katarina', 'role': 'TOP'}]","[{'champion': 'Jhin', 'role': 'DUO_CARRY'}, {'champion': 'Neeko', 'role': 'JUNGLE'}, {'champion': 'Talon', 'role': 'MIDDLE'}, {'champion': 'Akali', 'role': 'TOP'}, {'champion': 'Blitzcrank', 'role': 'DUO_SUPPORT'}]",9.9.272.4950
3033469309,blue,"[{'champion': 'Swain', 'role': 'DUO_SUPPORT'}, {'champion': 'Miss Fortune', 'role': 'DUO_CARRY'}, {'champion': 'Akali', 'role': 'MIDDLE'}, {'champion': 'Lee Sin', 'role': 'JUNGLE'}, {'champion': 'Ornn', 'role': 'TOP'}]","[{'champion': 'Lulu', 'role': 'DUO_SUPPORT'}, {'champion': 'Neeko', 'role': 'MIDDLE'}, {'champion': 'Kaisa', 'role': 'DUO_CARRY'}, {'champion': 'Urgot', 'role': 'JUNGLE'}, {'champion': 'Riven', 'role': 'TOP'}]",9.9.272.4950
3033442290,blue,"[{'champion': 'Sylas', 'role': 'DUO_SUPPORT'}, {'champion': 'Lucian', 'role': 'DUO_CARRY'}, {'champion': 'Twitch', 'role': 'JUNGLE'}, {'champion': 'Teemo', 'role': 'TOP'}, {'champion': 'Vladimir', 'role': 'MIDDLE'}]","[{'champion': 'Pyke', 'role': 'DUO_SUPPORT'}, {'champion': 'Ahri', 'role': 'MIDDLE'}, {'champion': 'Lee Sin', 'role': 'JUNGLE'}, {'champion': 'Darius', 'role': 'TOP'}, {'champion': 'Vayne', 'role': 'DUO_CARRY'}]",9.9.272.4950
3035002872,red,"[{'champion': 'Hecarim', 'role': 'JUNGLE'}, {'champion': 'Ezreal', 'role': 'DUO_CARRY'}, {'champion': 'Darius', 'role': 'JUNGLE'}, {'champion': 'Katarina', 'role': 'MIDDLE'}, {'champion': 'Sona', 'role': 'DUO_SUPPORT'}]","[{'champion': 'Dr. Mundo', 'role': 'JUNGLE'}, {'champion': 'Nautilus', 'role': 'MIDDLE'}, {'champion': 'Thresh', 'role': 'DUO_SUPPORT'}, {'champion': 'Kaisa', 'role': 'DUO_CARRY'}, {'champion': 'Poppy', 'role': 'TOP'}]",9.9.272.4950
3034228457,blue,"[{'champion': ""Kog'Maw"", 'role': 'DUO_CARRY'}, {'champion': 'Tryndamere', 'role': 'TOP'}, {'champion': 'Heimerdinger', 'role': 'MIDDLE'}, {'champion': ""Kha'Zix"", 'role': 'JUNGLE'}, {'champion': 'Lux', 'role': 'DUO_SUPPORT'}]","[{'champion': 'Ezreal', 'role': 'DUO_CARRY'}, {'champion': 'Evelynn', 'role': 'JUNGLE'}, {'champion': 'Nautilus', 'role': 'DUO_SUPPORT'}, {'champion': 'Viktor', 'role': 'MIDDLE'}, {'champion': 'Darius', 'role': 'TOP'}]",9.9.272.4950
3034215764,blue,"[{'champion': 'Caitlyn', 'role': 'MIDDLE'}, {'champion': 'Rengar', 'role': 'JUNGLE'}, {'champion': 'Thresh', 'role': 'MIDDLE'}, {'champion': 'Kindred', 'role': 'TOP'}, {'champion': 'Akali', 'role': 'MIDDLE'}]","[{'champion': 'Aurelion Sol', 'role': 'MIDDLE'}, {'champion': 'Varus', 'role': 'DUO_CARRY'}, {'champion': 'Sion', 'role': 'TOP'}, {'champion': 'Bard', 'role': 'DUO_SUPPORT'}, {'champion': 'Vi', 'role': 'JUNGLE'}]",9.9.272.4950
3034367599,red,"[{'champion': 'Zed', 'role': 'MIDDLE'}, {'champion': 'Sejuani', 'role': 'JUNGLE'}, {'champion': 'Garen', 'role': 'TOP'}, {'champion': 'Leona', 'role': 'DUO_SUPPORT'}, {'champion': 'Draven', 'role': 'DUO_CARRY'}]","[{'champion': 'Ezreal', 'role': 'DUO_CARRY'}, {'champion': ""Kha'Zix"", 'role': 'JUNGLE'}, {'champion': 'Morgana', 'role': 'DUO_SUPPORT'}, {'champion': 'Syndra', 'role': 'MIDDLE'}, {'champion': 'Maokai', 'role': 'TOP'}]",9.9.272.4950
3034259157,blue,"[{'champion': 'Jhin', 'role': 'MIDDLE'}, {'champion': 'Thresh', 'role': 'SOLO'}, {'champion': 'Garen', 'role': 'TOP'}, {'champion': 'Lux', 'role': 'MIDDLE'}, {'champion': 'Warwick', 'role': 'JUNGLE'}]","[{'champion': 'Fizz', 'role': 'MIDDLE'}, {'champion': 'Ezreal', 'role': 'DUO_CARRY'}, {'champion': 'Riven', 'role': 'TOP'}, {'champion': 'Ivern', 'role': 'JUNGLE'}, {'champion': 'Pyke', 'role': 'DUO_SUPPORT'}]",9.9.272.4950
3033726426,red,"[{'champion': 'Zilean', 'role': 'DUO_SUPPORT'}, {'champion': ""Vel'Koz"", 'role': 'MIDDLE'}, {'champion': 'Aatrox', 'role': 'JUNGLE'}, {'champion': 'Kayn', 'role': 'JUNGLE'}, {'champion': 'Sivir', 'role': 'DUO_CARRY'}]","[{'champion': 'Jax', 'role': 'JUNGLE'}, {'champion': 'Zed', 'role': 'MIDDLE'}, {'champion': 'Ezreal', 'role': 'DUO_CARRY'}, {'champion': 'Pantheon', 'role': 'TOP'}, {'champion': 'Zyra', 'role': 'DUO_SUPPORT'}]",9.9.272.4950
3033686592,blue,"[{'champion': 'Ezreal', 'role': 'DUO_CARRY'}, {'champion': 'Amumu', 'role': 'JUNGLE'}, {'champion': 'Rakan', 'role': 'DUO_SUPPORT'}, {'champion': 'Dr. Mundo', 'role': 'TOP'}, {'champion': 'Neeko', 'role': 'MIDDLE'}]","[{'champion': 'Sylas', 'role': 'MIDDLE'}, {'champion': 'Trundle', 'role': 'JUNGLE'}, {'champion': 'Nami', 'role': 'DUO_SUPPORT'}, {'champion': 'Draven', 'role': 'DUO_CARRY'}, {'champion': 'Kayle', 'role': 'TOP'}]",9.9.272.4950
3033470494,blue,"[{'champion': 'Tahm Kench', 'role': 'DUO_SUPPORT'}, {'champion': 'Shen', 'role': 'JUNGLE'}, {'champion': 'Master Yi', 'role': 'JUNGLE'}, {'champion': 'Annie', 'role': 'MIDDLE'}, {'champion': 'Vayne', 'role': 'DUO_CARRY'}]","[{'champion': 'Leona', 'role': 'DUO_SUPPORT'}, {'champion': 'Zac', 'role': 'JUNGLE'}, {'champion': 'Talon', 'role': 'MIDDLE'}, {'champion': 'Nasus', 'role': 'TOP'}, {'champion': 'Ezreal', 'role': 'DUO_CARRY'}]",9.9.272.4950
3032247004,red,"[{'champion': 'Hecarim', 'role': 'JUNGLE'}, {'champion': 'Malzahar', 'role': 'MIDDLE'}, {'champion': 'Lucian', 'role': 'DUO_CARRY'}, {'champion': 'Brand', 'role': 'DUO_SUPPORT'}, {'champion': 'Darius', 'role': 'TOP'}]","[{'champion': 'Amumu', 'role': 'JUNGLE'}, {'champion': ""Vel'Koz"", 'role': 'MIDDLE'}, {'champion': 'Morgana', 'role': 'SOLO'}, {'champion': 'Vayne', 'role': 'MIDDLE'}, {'champion': 'Garen', 'role': 'TOP'}]",9.8.270.9450
3032234388,red,"[{'champion': 'Master Yi', 'role': 'NONE'}, {'champion': 'Dr. Mundo', 'role': 'NONE'}, {'champion': 'Vayne', 'role': 'NONE'}, {'champion': 'Morgana', 'role': 'NONE'}, {'champion': 'Fizz', 'role': 'NONE'}]","[{'champion': 'Anivia', 'role': 'NONE'}, {'champion': 'Caitlyn', 'role': 'NONE'}, {'champion': 'Lulu', 'role': 'NONE'}, {'champion': 'Nami', 'role': 'NONE'}, {'champion': 'Udyr', 'role': 'NONE'}]",9.8.270.9450
3032193670,red,"[{'champion': 'Zilean', 'role': 'DUO_SUPPORT'}, {'champion': 'Volibear', 'role': 'TOP'}, {'champion': 'Udyr', 'role': 'JUNGLE'}, {'champion': 'Veigar', 'role': 'MIDDLE'}, {'champion': 'Vayne', 'role': 'DUO_CARRY'}]","[{'champion': 'Shaco', 'role': 'JUNGLE'}, {'champion': 'Ryze', 'role': 'TOP'}, {'champion': 'LeBlanc', 'role': 'MIDDLE'}, {'champion': 'Miss Fortune', 'role': 'DUO_CARRY'}, {'champion': 'Sejuani', 'role': 'DUO_SUPPORT'}]",9.8.270.9450
3032192021,red,"[{'champion': 'Nami', 'role': 'NONE'}, {'champion': 'Vladimir', 'role': 'NONE'}, {'champion': 'Sejuani', 'role': 'NONE'}, {'champion': 'Pantheon', 'role': 'NONE'}, {'champion': 'Lucian', 'role': 'NONE'}]","[{'champion': 'Nautilus', 'role': 'NONE'}, {'champion': 'Jax', 'role': 'NONE'}, {'champion': 'Karma', 'role': 'NONE'}, {'champion': 'Annie', 'role': 'NONE'}, {'champion': 'Vayne', 'role': 'NONE'}]",9.8.270.9450
3034910229,red,"[{'champion': 'Kaisa', 'role': 'DUO_CARRY'}, {'champion': 'Kled', 'role': 'MIDDLE'}, {'champion': 'Katarina', 'role': 'MIDDLE'}, {'champion': 'Morgana', 'role': 'DUO_SUPPORT'}, {'champion': 'Kayn', 'role': 'JUNGLE'}]","[{'champion': 'Tristana', 'role': 'DUO_CARRY'}, {'champion': 'Zyra', 'role': 'DUO_SUPPORT'}, {'champion': 'Kindred', 'role': 'JUNGLE'}, {'champion': 'Lissandra', 'role': 'MIDDLE'}, {'champion': ""Cho'Gath"", 'role': 'TOP'}]",9.9.272.4950
3034876693,red,"[{'champion': 'Blitzcrank', 'role': 'NONE'}, {'champion': 'Kindred', 'role': 'NONE'}, {'champion': ""Cho'Gath"", 'role': 'NONE'}, {'champion': 'Karma', 'role': 'NONE'}, {'champion': 'Draven', 'role': 'NONE'}]","[{'champion': 'Jarvan IV', 'role': 'NONE'}, {'champion': 'Anivia', 'role': 'NONE'}, {'champion': 'Aatrox', 'role': 'NONE'}, {'champion': 'Katarina', 'role': 'NONE'}, {'champion': 'Ashe', 'role': 'NONE'}]",9.9.272.4950
3034880992,red,"[{'champion': 'Nami', 'role': 'DUO_SUPPORT'}, {'champion': 'Draven', 'role': 'DUO_CARRY'}, {'champion': 'Heimerdinger', 'role': 'MIDDLE'}, {'champion': 'Olaf', 'role': 'JUNGLE'}, {'champion': 'Tahm Kench', 'role': 'JUNGLE'}]","[{'champion': 'Lee Sin', 'role': 'JUNGLE'}, {'champion': 'Katarina', 'role': 'TOP'}, {'champion': 'Thresh', 'role': 'DUO_SUPPORT'}, {'champion': 'Lucian', 'role': 'DUO_CARRY'}, {'champion': 'Kled', 'role': 'TOP'}]",9.9.272.4950
3034855237,red,"[{'champion': 'Hecarim', 'role': 'JUNGLE'}, {'champion': 'Jax', 'role': 'TOP'}, {'champion': 'Lucian', 'role': 'DUO_CARRY'}, {'champion': 'Malzahar', 'role': 'MIDDLE'}, {'champion': 'Karma', 'role': 'DUO_SUPPORT'}]","[{'champion': 'Shyvana', 'role': 'JUNGLE'}, {'champion': 'Aatrox', 'role': 'TOP'}, {'champion': 'Jhin', 'role': 'JUNGLE'}, {'champion': 'Thresh', 'role': 'SOLO'}, {'champion': 'Yasuo', 'role': 'MIDDLE'}]",9.9.272.4950
3034927683,red,"[{'champion': 'Nami', 'role': 'DUO_SUPPORT'}, {'champion': 'Jhin', 'role': 'DUO_CARRY'}, {'champion': ""Cho'Gath"", 'role': 'MIDDLE'}, {'champion': 'Trundle', 'role': 'TOP'}, {'champion': 'Twitch', 'role': 'JUNGLE'}]","[{'champion': 'Volibear', 'role': 'JUNGLE'}, {'champion': 'Morgana', 'role': 'DUO_SUPPORT'}, {'champion': 'Sivir', 'role': 'DUO_CARRY'}, {'champion': 'Yasuo', 'role': 'MIDDLE'}, {'champion': 'Tryndamere', 'role': 'JUNGLE'}]",9.9.272.4950
3034919517,red,"[{'champion': 'Lucian', 'role': 'MIDDLE'}, {'champion': 'Karthus', 'role': 'JUNGLE'}, {'champion': 'Ekko', 'role': 'MIDDLE'}, {'champion': 'Alistar', 'role': 'DUO_SUPPORT'}, {'champion': 'Vayne', 'role': 'DUO_CARRY'}]","[{'champion': 'Kaisa', 'role': 'DUO_CARRY'}, {'champion': 'Rumble', 'role': 'TOP'}, {'champion': 'Zed', 'role': 'MIDDLE'}, {'champion': 'Amumu', 'role': 'JUNGLE'}, {'champion': 'Soraka', 'role': 'DUO_SUPPORT'}]",9.9.272.4950
3034904686,red,"[{'champion': 'Jhin', 'role': 'DUO_CARRY'}, {'champion': 'Thresh', 'role': 'DUO_SUPPORT'}, {'champion': ""Kha'Zix"", 'role': 'JUNGLE'}, {'champion': 'Tryndamere', 'role': 'TOP'}, {'champion': 'Vladimir', 'role': 'MIDDLE'}]","[{'champion': 'Kennen', 'role': 'DUO_CARRY'}, {'champion': 'Janna', 'role': 'DUO_SUPPORT'}, {'champion': 'Aatrox', 'role': 'TOP'}, {'champion': 'Diana', 'role': 'MIDDLE'}, {'champion': 'Master Yi', 'role': 'JUNGLE'}]",9.9.272.4950
3034888465,blue,"[{'champion': 'Malzahar', 'role': 'MIDDLE'}, {'champion': 'Leona', 'role': 'SOLO'}, {'champion': 'Jarvan IV', 'role': 'JUNGLE'}, {'champion': 'Kaisa', 'role': 'MIDDLE'}, {'champion': 'Quinn', 'role': 'TOP'}]","[{'champion': 'Lulu', 'role': 'DUO_SUPPORT'}, {'champion': 'Lux', 'role': 'MIDDLE'}, {'champion': 'Ezreal', 'role': 'DUO_CARRY'}, {'champion': 'Jax', 'role': 'JUNGLE'}, {'champion': 'Tahm Kench', 'role': 'TOP'}]",9.9.272.4950
3034883150,red,"[{'champion': 'Kaisa', 'role': 'DUO_CARRY'}, {'champion': 'Thresh', 'role': 'DUO_SUPPORT'}, {'champion': 'Volibear', 'role': 'TOP'}, {'champion': 'Hecarim', 'role': 'JUNGLE'}, {'champion': 'Malzahar', 'role': 'MIDDLE'}]","[{'champion': 'Riven', 'role': 'TOP'}, {'champion': 'Ezreal', 'role': 'DUO_CARRY'}, {'champion': 'Amumu', 'role': 'JUNGLE'}, {'champion': 'Miss Fortune', 'role': 'DUO_SUPPORT'}, {'champion': 'Akali', 'role': 'MIDDLE'}]",9.9.272.4950
3034955167,blue,"[{'champion': 'Aatrox', 'role': 'JUNGLE'}, {'champion': 'LeBlanc', 'role': 'MIDDLE'}, {'champion': 'Kaisa', 'role': 'DUO_CARRY'}, {'champion': 'Leona', 'role': 'DUO_SUPPORT'}, {'champion': 'Jarvan IV', 'role': 'JUNGLE'}]","[{'champion': 'Rammus', 'role': 'JUNGLE'}, {'champion': 'Nami', 'role': 'DUO_SUPPORT'}, {'champion': 'Draven', 'role': 'DUO_CARRY'}, {'champion': 'Warwick', 'role': 'MIDDLE'}, {'champion': 'Malzahar', 'role': 'MIDDLE'}]",9.9.272.4950
3034912777,blue,"[{'champion': 'Caitlyn', 'role': 'DUO_CARRY'}, {'champion': 'Karthus', 'role': 'MIDDLE'}, {'champion': 'Akali', 'role': 'JUNGLE'}, {'champion': 'Kayn', 'role': 'JUNGLE'}, {'champion': 'Nami', 'role': 'DUO_SUPPORT'}]","[{'champion': 'Ryze', 'role': 'MIDDLE'}, {'champion': 'Sivir', 'role': 'SOLO'}, {'champion': 'Nautilus', 'role': 'TOP'}, {'champion': 'Wukong', 'role': 'TOP'}, {'champion': 'Master Yi', 'role': 'JUNGLE'}]",9.9.272.4950
3034910141,red,"[{'champion': 'Amumu', 'role': 'NONE'}, {'champion': 'Sivir', 'role': 'NONE'}, {'champion': 'Yasuo', 'role': 'NONE'}, {'champion': 'Karthus', 'role': 'NONE'}, {'champion': 'Sona', 'role': 'NONE'}]","[{'champion': 'Sion', 'role': 'NONE'}, {'champion': 'Swain', 'role': 'NONE'}, {'champion': 'Tristana', 'role': 'NONE'}, {'champion': 'Kindred', 'role': 'NONE'}, {'champion': 'Nami', 'role': 'NONE'}]",9.9.272.4950
3034401546,red,"[{'champion': 'Ryze', 'role': 'JUNGLE'}, {'champion': 'Draven', 'role': 'DUO_CARRY'}, {'champion': 'Amumu', 'role': 'JUNGLE'}, {'champion': 'Nami', 'role': 'DUO_SUPPORT'}, {'champion': 'Talon', 'role': 'MIDDLE'}]","[{'champion': 'Rammus', 'role': 'JUNGLE'}, {'champion': 'Kayle', 'role': 'TOP'}, {'champion': 'Zilean', 'role': 'DUO_SUPPORT'}, {'champion': 'Jinx', 'role': 'DUO_CARRY'}, {'champion': 'Fizz', 'role': 'MIDDLE'}]",9.9.272.4950
3034955262,blue,"[{'champion': 'Urgot', 'role': 'TOP'}, {'champion': 'LeBlanc', 'role': 'MIDDLE'}, {'champion': 'Vi', 'role': 'JUNGLE'}, {'champion': 'Ezreal', 'role': 'DUO_CARRY'}, {'champion': 'Nautilus', 'role': 'DUO_SUPPORT'}]","[{'champion': 'Leona', 'role': 'DUO_SUPPORT'}, {'champion': 'Orianna', 'role': 'MIDDLE'}, {'champion': 'Jayce', 'role': 'TOP'}, {'champion': 'Caitlyn', 'role': 'DUO_CARRY'}, {'champion': 'Kayn', 'role': 'JUNGLE'}]",9.9.272.4950
3034909573,blue,"[{'champion': 'Kindred', 'role': 'JUNGLE'}, {'champion': 'Brand', 'role': 'SOLO'}, {'champion': 'Kaisa', 'role': 'MIDDLE'}, {'champion': 'Anivia', 'role': 'MIDDLE'}, {'champion': 'Renekton', 'role': 'TOP'}]","[{'champion': 'Pantheon', 'role': 'JUNGLE'}, {'champion': 'Tahm Kench', 'role': 'DUO_SUPPORT'}, {'champion': 'Jinx', 'role': 'DUO_CARRY'}, {'champion': 'Darius', 'role': 'TOP'}, {'champion': 'Malzahar', 'role': 'MIDDLE'}]",9.9.272.4950
3034911580,blue,"[{'champion': 'Jax', 'role': 'TOP'}, {'champion': 'Zilean', 'role': 'TOP'}, {'champion': 'Master Yi', 'role': 'JUNGLE'}, {'champion': 'Shaco', 'role': 'DUO_SUPPORT'}, {'champion': 'Jhin', 'role': 'DUO_CARRY'}]","[{'champion': 'Twitch', 'role': 'DUO_CARRY'}, {'champion': 'Thresh', 'role': 'DUO_SUPPORT'}, {'champion': 'Nidalee', 'role': 'JUNGLE'}, {'champion': 'Xerath', 'role': 'MIDDLE'}, {'champion': 'Riven', 'role': 'TOP'}]",9.9.272.4950
3034876474,red,"[{'champion': 'Ryze', 'role': 'MIDDLE'}, {'champion': 'Lee Sin', 'role': 'JUNGLE'}, {'champion': 'Darius', 'role': 'TOP'}, {'champion': 'Sylas', 'role': 'DUO_SUPPORT'}, {'champion': 'Varus', 'role': 'DUO_CARRY'}]","[{'champion': 'Jax', 'role': 'TOP'}, {'champion': ""Vel'Koz"", 'role': 'MIDDLE'}, {'champion': 'Master Yi', 'role': 'JUNGLE'}, {'champion': 'Thresh', 'role': 'DUO_SUPPORT'}, {'champion': 'Jhin', 'role': 'DUO_CARRY'}]",9.9.272.4950
3034968962,red,"[{'champion': 'Vayne', 'role': 'DUO_CARRY'}, {'champion': 'Rengar', 'role': 'TOP'}, {'champion': 'Gnar', 'role': 'JUNGLE'}, {'champion': 'Rumble', 'role': 'MIDDLE'}, {'champion': 'Lulu', 'role': 'DUO_SUPPORT'}]","[{'champion': 'Kindred', 'role': 'JUNGLE'}, {'champion': 'Thresh', 'role': 'DUO_SUPPORT'}, {'champion': 'Caitlyn', 'role': 'DUO_CARRY'}, {'champion': 'Singed', 'role': 'TOP'}, {'champion': 'Heimerdinger', 'role': 'MIDDLE'}]",9.9.272.4950
3034892355,red,"[{'champion': 'Ahri', 'role': 'MIDDLE'}, {'champion': 'Lulu', 'role': 'DUO_SUPPORT'}, {'champion': 'Rengar', 'role': 'JUNGLE'}, {'champion': 'Kaisa', 'role': 'DUO_CARRY'}, {'champion': 'Kayle', 'role': 'TOP'}]","[{'champion': ""Kog'Maw"", 'role': 'DUO_CARRY'}, {'champion': 'Soraka', 'role': 'DUO_SUPPORT'}, {'champion': 'Heimerdinger', 'role': 'MIDDLE'}, {'champion': 'Jax', 'role': 'JUNGLE'}, {'champion': 'Kled', 'role': 'TOP'}]",9.9.272.4950
3034033926,blue,"[{'champion': 'Quinn', 'role': 'JUNGLE'}, {'champion': 'Fizz', 'role': 'MIDDLE'}, {'champion': 'Udyr', 'role': 'JUNGLE'}, {'champion': 'Leona', 'role': 'DUO_SUPPORT'}, {'champion': 'Vayne', 'role': 'DUO_CARRY'}]","[{'champion': 'Thresh', 'role': 'DUO_SUPPORT'}, {'champion': 'Diana', 'role': 'MIDDLE'}, {'champion': 'Hecarim', 'role': 'JUNGLE'}, {'champion': 'Aatrox', 'role': 'TOP'}, {'champion': 'Jinx', 'role': 'DUO_CARRY'}]",9.9.272.4950
3033973503,red,"[{'champion': 'Ezreal', 'role': 'DUO_CARRY'}, {'champion': 'Heimerdinger', 'role': 'MIDDLE'}, {'champion': 'Shen', 'role': 'TOP'}, {'champion': 'Morgana', 'role': 'DUO_SUPPORT'}, {'champion': ""Rek'Sai"", 'role': 'JUNGLE'}]","[{'champion': 'Zilean', 'role': 'DUO_SUPPORT'}, {'champion': 'Volibear', 'role': 'TOP'}, {'champion': 'Quinn', 'role': 'MIDDLE'}, {'champion': 'Olaf', 'role': 'JUNGLE'}, {'champion': 'Sivir', 'role': 'DUO_CARRY'}]",9.9.272.4950
3034932444,blue,"[{'champion': 'Warwick', 'role': 'JUNGLE'}, {'champion': 'Aatrox', 'role': 'TOP'}, {'champion': 'Xerath', 'role': 'MIDDLE'}, {'champion': 'Jhin', 'role': 'DUO_CARRY'}, {'champion': 'Leona', 'role': 'DUO_SUPPORT'}]","[{'champion': 'Yasuo', 'role': 'MIDDLE'}, {'champion': 'Thresh', 'role': 'DUO_SUPPORT'}, {'champion': 'Renekton', 'role': 'TOP'}, {'champion': 'Varus', 'role': 'DUO_CARRY'}, {'champion': 'Jarvan IV', 'role': 'JUNGLE'}]",9.9.272.4950
3034905162,blue,"[{'champion': 'Jinx', 'role': 'DUO_CARRY'}, {'champion': 'Nasus', 'role': 'TOP'}, {'champion': 'Lux', 'role': 'DUO_SUPPORT'}, {'champion': 'Nocturne', 'role': 'JUNGLE'}, {'champion': ""Vel'Koz"", 'role': 'MIDDLE'}]","[{'champion': 'Morgana', 'role': 'DUO_SUPPORT'}, {'champion': 'Renekton', 'role': 'TOP'}, {'champion': 'Master Yi', 'role': 'JUNGLE'}, {'champion': 'LeBlanc', 'role': 'MIDDLE'}, {'champion': 'Caitlyn', 'role': 'DUO_CARRY'}]",9.9.272.4950
3034996977,red,"[{'champion': 'Karma', 'role': 'DUO_SUPPORT'}, {'champion': 'Rengar', 'role': 'JUNGLE'}, {'champion': 'Cassiopeia', 'role': 'MIDDLE'}, {'champion': 'Ryze', 'role': 'TOP'}, {'champion': 'Ezreal', 'role': 'DUO_CARRY'}]","[{'champion': 'Amumu', 'role': 'JUNGLE'}, {'champion': 'Aatrox', 'role': 'TOP'}, {'champion': 'Fiddlesticks', 'role': 'DUO_SUPPORT'}, {'champion': 'Lux', 'role': 'MIDDLE'}, {'champion': 'Kaisa', 'role': 'DUO_CARRY'}]",9.9.272.4950
3034968602,blue,"[{'champion': 'Irelia', 'role': 'MIDDLE'}, {'champion': 'Ivern', 'role': 'JUNGLE'}, {'champion': 'Kaisa', 'role': 'DUO_CARRY'}, {'champion': 'Olaf', 'role': 'TOP'}, {'champion': 'Karma', 'role': 'DUO_SUPPORT'}]","[{'champion': 'Shaco', 'role': 'TOP'}, {'champion': 'Evelynn', 'role': 'JUNGLE'}, {'champion': 'Vayne', 'role': 'DUO_CARRY'}, {'champion': 'Galio', 'role': 'DUO_SUPPORT'}, {'champion': 'Zed', 'role': 'MIDDLE'}]",9.9.272.4950
3034931373,red,"[{'champion': 'Miss Fortune', 'role': 'SOLO'}, {'champion': 'Trundle', 'role': 'JUNGLE'}, {'champion': 'Darius', 'role': 'TOP'}, {'champion': 'Lux', 'role': 'MIDDLE'}, {'champion': 'Nautilus', 'role': 'MIDDLE'}]","[{'champion': 'Vladimir', 'role': 'MIDDLE'}, {'champion': 'Gangplank', 'role': 'TOP'}, {'champion': 'Jhin', 'role': 'DUO_CARRY'}, {'champion': 'Zyra', 'role': 'DUO_SUPPORT'}, {'champion': 'Twitch', 'role': 'JUNGLE'}]",9.9.272.4950
3034902056,blue,"[{'champion': 'Akali', 'role': 'MIDDLE'}, {'champion': 'Twitch', 'role': 'JUNGLE'}, {'champion': 'Ezreal', 'role': 'MIDDLE'}, {'champion': 'Nami', 'role': 'MIDDLE'}, {'champion': 'Singed', 'role': 'TOP'}]","[{'champion': 'Jhin', 'role': 'DUO_CARRY'}, {'champion': 'Pyke', 'role': 'DUO_SUPPORT'}, {'champion': 'Ryze', 'role': 'TOP'}, {'champion': 'Jax', 'role': 'MIDDLE'}, {'champion': 'Amumu', 'role': 'JUNGLE'}]",9.9.272.4950
3034994957,red,"[{'champion': 'Aatrox', 'role': 'TOP'}, {'champion': 'Graves', 'role': 'JUNGLE'}, {'champion': ""Vel'Koz"", 'role': 'MIDDLE'}, {'champion': 'Kaisa', 'role': 'DUO_CARRY'}, {'champion': 'Karma', 'role': 'DUO_SUPPORT'}]","[{'champion': 'Janna', 'role': 'DUO_SUPPORT'}, {'champion': 'Gangplank', 'role': 'TOP'}, {'champion': 'Tristana', 'role': 'DUO_CARRY'}, {'champion': ""Rek'Sai"", 'role': 'JUNGLE'}, {'champion': 'Riven', 'role': 'TOP'}]",9.9.272.4950
3034957410,red,"[{'champion': 'Pyke', 'role': 'DUO_SUPPORT'}, {'champion': 'Xayah', 'role': 'DUO_CARRY'}, {'champion': 'Irelia', 'role': 'TOP'}, {'champion': 'Nunu', 'role': 'JUNGLE'}, {'champion': 'Xerath', 'role': 'MIDDLE'}]","[{'champion': 'Lissandra', 'role': 'MIDDLE'}, {'champion': 'Nautilus', 'role': 'DUO_SUPPORT'}, {'champion': 'Amumu', 'role': 'JUNGLE'}, {'champion': 'Kassadin', 'role': 'TOP'}, {'champion': 'Tristana', 'role': 'DUO_CARRY'}]",9.9.272.4950
3034921154,red,"[{'champion': 'Fiora', 'role': 'TOP'}, {'champion': 'Nautilus', 'role': 'DUO_SUPPORT'}, {'champion': 'Kaisa', 'role': 'DUO_CARRY'}, {'champion': 'Amumu', 'role': 'JUNGLE'}, {'champion': 'Neeko', 'role': 'MIDDLE'}]","[{'champion': 'Jhin', 'role': 'DUO_CARRY'}, {'champion': 'Ekko', 'role': 'MIDDLE'}, {'champion': 'Braum', 'role': 'DUO_SUPPORT'}, {'champion': 'Malphite', 'role': 'TOP'}, {'champion': ""Kha'Zix"", 'role': 'JUNGLE'}]",9.9.272.4950
3034559124,blue,"[{'champion': 'Syndra', 'role': 'MIDDLE'}, {'champion': 'Sivir', 'role': 'DUO_CARRY'}, {'champion': 'Lee Sin', 'role': 'JUNGLE'}, {'champion': 'Blitzcrank', 'role': 'DUO_SUPPORT'}, {'champion': 'Garen', 'role': 'TOP'}]","[{'champion': 'Twitch', 'role': 'DUO_CARRY'}, {'champion': 'Xerath', 'role': 'MIDDLE'}, {'champion': 'Alistar', 'role': 'DUO_SUPPORT'}, {'champion': 'Graves', 'role': 'JUNGLE'}, {'champion': 'Malphite', 'role': 'TOP'}]",9.9.272.4950
3034904587,red,"[{'champion': 'Kayn', 'role': 'JUNGLE'}, {'champion': 'Ryze', 'role': 'TOP'}, {'champion': 'Caitlyn', 'role': 'DUO_CARRY'}, {'champion': 'Thresh', 'role': 'DUO_SUPPORT'}, {'champion': 'Irelia', 'role': 'MIDDLE'}]","[{'champion': 'Sejuani', 'role': 'JUNGLE'}, {'champion': 'Riven', 'role': 'TOP'}, {'champion': 'Kaisa', 'role': 'DUO_CARRY'}, {'champion': 'Nautilus', 'role': 'DUO_SUPPORT'}, {'champion': 'Ahri', 'role': 'MIDDLE'}]",9.9.272.4950
3034982276,blue,"[{'champion': 'Veigar', 'role': 'MIDDLE'}, {'champion': 'Tryndamere', 'role': 'TOP'}, {'champion': 'Evelynn', 'role': 'JUNGLE'}, {'champion': 'Pyke', 'role': 'DUO_SUPPORT'}, {'champion': 'Varus', 'role': 'DUO_CARRY'}]","[{'champion': 'Caitlyn', 'role': 'DUO_CARRY'}, {'champion': 'Kayn', 'role': 'JUNGLE'}, {'champion': 'Brand', 'role': 'DUO_SUPPORT'}, {'champion': 'Renekton', 'role': 'TOP'}, {'champion': 'Swain', 'role': 'MIDDLE'}]",9.9.272.4950
3034964958,blue,"[{'champion': 'Lee Sin', 'role': 'JUNGLE'}, {'champion': 'Veigar', 'role': 'JUNGLE'}, {'champion': 'Tryndamere', 'role': 'JUNGLE'}, {'champion': 'Nautilus', 'role': 'DUO_SUPPORT'}, {'champion': 'Jinx', 'role': 'DUO_CARRY'}]","[{'champion': 'Sivir', 'role': 'DUO_CARRY'}, {'champion': 'Rakan', 'role': 'DUO_SUPPORT'}, {'champion': 'Fizz', 'role': 'MIDDLE'}, {'champion': 'Jarvan IV', 'role': 'JUNGLE'}, {'champion': 'Fiora', 'role': 'TOP'}]",9.9.272.4950
